"VÄÄRTUSPÄEV","TEHINGUPÄEV","TEHING","SÜMBOL","VÄÄRTPABER","KOGUS","HIND","VALUUTA","NETOSUMMA","TEENUSTASU","KOKKU","VIIDE","KOMMENTAAR"
2024-06-07,2024-06-05,"ost","HLMBK095034FA","Holm Bank 9.50% võlakiri 30.05.2034",1,1051.84722000,"EUR",-1051.85,-8.10,-1059.95,"903745878",""
2024-06-07,2024-06-05,"ost","HLMBK095034FA","Holm Bank 9.50% võlakiri 30.05.2034",1,1071.84722000,"EUR",-1071.85,-2.14,-1073.99,"903708400",""
2024-06-07,2024-06-05,"ost","LHV1T","LHV Group",257,3.50000000,"EUR",-899.50,0.00,-899.50,"903867200",""
2024-06-07,2024-06-05,"ost","LHV1T","LHV Group",500,3.50000000,"EUR",-1750.00,0.00,-1750.00,"903867343",""
2024-06-07,2024-06-05,"ost","LHV1T","LHV Group",1000,3.50000000,"EUR",-3500.00,0.00,-3500.00,"903869459",""
2024-06-07,2024-06-05,"ost","LHV1T","LHV Group",10,3.50000000,"EUR",-35.00,0.00,-35.00,"903872803",""
2024-06-07,2024-06-05,"ost","LHV1T","LHV Group",20,3.50000000,"EUR",-70.00,0.00,-70.00,"903874667",""
2024-06-07,2024-06-05,"ost","LHV1T","LHV Group",513,3.50000000,"EUR",-1795.50,0.00,-1795.50,"903897704",""
2024-06-06,2024-06-05,"ost","FLNC","Fluence Energy Inc",140,22.86000000,"USD",-3200.40,-9.78,-3210.18,"904061446",""
2024-06-06,2024-06-05,"ost","FLNC","Fluence Energy Inc",10,22.86000000,"USD",-228.60,0.00,-228.60,"904061450",""
2024-06-10,2024-06-10,"split-","NVDA","NVIDIA Corporation",-20,780.00000000,"USD",0.00,0.00,0.00,"907202454","split 10:1"
2024-06-10,2024-06-10,"split+","NVDA","NVIDIA Corporation",200,78.00000000,"USD",0.00,0.00,0.00,"907202454","split 10:1"
2024-06-18,2024-06-17,"ost","ADBE","Adobe Systems Inc",20,508.39000000,"USD",-10167.80,-14.23,-10182.03,"912472204",""
2024-06-20,2024-06-18,"ost","NEM","NEWMONT MNG CORP",2,41.47000000,"USD",-82.94,-9.64,-92.58,"913288848",""
2024-06-20,2024-06-18,"ost","NEM","NEWMONT MNG CORP",100,41.47000000,"USD",-4147.00,0.00,-4147.00,"913288851",""
2024-06-20,2024-06-18,"ost","NEM","NEWMONT MNG CORP",73,41.47000000,"USD",-3027.31,-0.51,-3027.82,"913288852",""
2024-06-25,2024-06-24,"müük","NVDA","NVIDIA Corporation",-100,122.50000000,"USD",12250.00,-17.15,12232.85,"916672966",""
2024-06-27,2024-06-26,"ost","MU","MICRON TECHNOLOGY INC",100,142.00000000,"USD",-14200.00,-19.88,-14219.88,"917962047",""
2024-07-11,2024-07-10,"ost","ILMN","Illumina Inc ",100,113.18000000,"USD",-11318.00,-15.85,-11333.85,"928011626",""
2024-07-18,2024-07-16,"ost","BIGB080033A","Bigbank 8% allutatud võlakiri 8% 16.02.2033",20,1031.77800000,"EUR",-20635.56,-47.27,-20682.83,"931700374",""
2024-07-19,2024-07-17,"ost","INBB055031A","Inbank 5.5% allutatud võlakiri 15.12.2031",2,936.21000000,"EUR",-1872.42,-9.74,-1882.16,"932408645",""
2024-07-18,2024-07-17,"müük","CRWD","CROWDSTRIKE HOLDINGS INC - A",-31,358.50000000,"USD",11113.50,-15.56,11097.94,"932494823",""
2024-07-18,2024-07-17,"müük","CRWD","CROWDSTRIKE HOLDINGS INC - A",-4,359.26500000,"USD",1437.06,-2.00,1435.06,"932494830",""
2024-07-18,2024-07-17,"müük","HYLN","Hyliion Holdings Corporation",-25,2.51000000,"USD",62.75,-9.84,52.91,"932677233",""
2024-07-18,2024-07-17,"müük","HYLN","Hyliion Holdings Corporation",-75,2.51000000,"USD",188.25,0.00,188.25,"932677234",""
2024-07-18,2024-07-17,"müük","HYLN","Hyliion Holdings Corporation",-100,2.51000000,"USD",251.00,0.00,251.00,"932677237",""
2024-07-18,2024-07-17,"müük","HYLN","Hyliion Holdings Corporation",-100,2.51000000,"USD",251.00,0.00,251.00,"932677238",""
2024-07-18,2024-07-17,"müük","HYLN","Hyliion Holdings Corporation",-700,2.51000000,"USD",1757.00,0.00,1757.00,"932677240",""
2024-07-25,2024-07-24,"müük","META","Meta Platforms Inc",-20,469.89000000,"USD",9397.80,-13.16,9384.64,"936528224",""
2024-07-25,2024-07-24,"müük","ADBE","Adobe Systems Inc",-40,535.62600000,"USD",21425.04,-30.00,21395.04,"936535478",""
2024-07-25,2024-07-24,"müük","MU","MICRON TECHNOLOGY INC",-9,111.99000000,"USD",1007.91,-9.76,998.15,"936551841",""
2024-07-25,2024-07-24,"müük","MU","MICRON TECHNOLOGY INC",-48,111.99000000,"USD",5375.52,0.00,5375.52,"936551847",""
2024-07-25,2024-07-24,"müük","MU","MICRON TECHNOLOGY INC",-1,111.99000000,"USD",111.99,0.00,111.99,"936551849",""
2024-07-25,2024-07-24,"müük","MU","MICRON TECHNOLOGY INC",-10,111.99000000,"USD",1119.90,-0.89,1119.01,"936551852",""
2024-07-25,2024-07-24,"müük","MU","MICRON TECHNOLOGY INC",-5,111.99000000,"USD",559.95,-0.79,559.16,"936551853",""
2024-07-25,2024-07-24,"müük","MU","MICRON TECHNOLOGY INC",-1,111.99000000,"USD",111.99,-0.15,111.84,"936551858",""
2024-07-25,2024-07-24,"müük","MU","MICRON TECHNOLOGY INC",-17,111.99000000,"USD",1903.83,-2.67,1901.16,"936551859",""
2024-07-25,2024-07-24,"müük","MU","MICRON TECHNOLOGY INC",-2,111.98000000,"USD",223.96,-0.31,223.65,"936551867",""
2024-07-25,2024-07-24,"müük","MU","MICRON TECHNOLOGY INC",-7,111.98000000,"USD",783.86,-1.10,782.76,"936551870",""
2024-07-29,2024-07-26,"ost","FLNC","Fluence Energy Inc",166,16.49000000,"USD",-2737.34,-9.77,-2747.11,"937700032",""
2024-07-29,2024-07-26,"ost","FLNC","Fluence Energy Inc",84,16.49000000,"USD",-1385.16,0.00,-1385.16,"937700033",""
2024-07-30,2024-07-29,"ost","CRWD","CROWDSTRIKE HOLDINGS INC - A",35,261.99000000,"USD",-9169.65,-12.84,-9182.49,"939148233",""
2024-08-01,2024-07-30,"ost","BIGB080033A","Bigbank 8% allutatud võlakiri 8% 16.02.2033",20,1034.66650000,"EUR",-20693.33,-47.39,-20740.72,"939551068",""
2024-08-01,2024-07-31,"ost","MSFT","Microsoft Corporation",30,411.00000000,"USD",-12330.00,-17.26,-12347.26,"940322942",""
2024-08-01,2024-07-31,"ost","SMCI","SuperMicro Computer Inc.",20,700.00000000,"USD",-14000.00,-19.60,-14019.60,"940524330",""
